location,location_name,year,week,target_end_date,value,status,release_status,data_version,source_region_code,source_year_week,official_release_time
SE,Sverige,2025,40,2025-10-05,29,available,historical,2026-08-25T00:00:00Z,00,2025W40,
SE-M,Region Skåne,2025,40,2025-10-05,1,available,historical,2026-08-25T00:00:00Z,12,2025W40,
SE-O,Västra Götalandsregionen,2025,40,2025-10-05,3,available,historical,2026-08-25T00:00:00Z,14,2025W40,
SE,Sverige,2025,41,2025-10-12,33,available,historical,2026-08-25T00:00:00Z,00,2025W41,
SE-M,Region Skåne,2025,41,2025-10-12,4,available,historical,2026-08-25T00:00:00Z,12,2025W41,
SE-O,Västra Götalandsregionen,2025,41,2025-10-12,6,available,historical,2026-08-25T00:00:00Z,14,2025W41,
SE,Sverige,2025,42,2025-10-19,59,available,historical,2026-08-25T00:00:00Z,00,2025W42,
SE-M,Region Skåne,2025,42,2025-10-19,4,available,historical,2026-08-25T00:00:00Z,12,2025W42,
SE-O,Västra Götalandsregionen,2025,42,2025-10-19,11,available,historical,2026-08-25T00:00:00Z,14,2025W42,
SE,Sverige,2025,43,2025-10-26,55,available,historical,2026-08-25T00:00:00Z,00,2025W43,
SE-M,Region Skåne,2025,43,2025-10-26,4,available,historical,2026-08-25T00:00:00Z,12,2025W43,
SE-O,Västra Götalandsregionen,2025,43,2025-10-26,13,available,historical,2026-08-25T00:00:00Z,14,2025W43,
SE,Sverige,2025,44,2025-11-02,65,available,historical,2026-08-25T00:00:00Z,00,2025W44,
SE-M,Region Skåne,2025,44,2025-11-02,9,available,historical,2026-08-25T00:00:00Z,12,2025W44,
SE-O,Västra Götalandsregionen,2025,44,2025-11-02,12,available,historical,2026-08-25T00:00:00Z,14,2025W44,
SE,Sverige,2025,45,2025-11-09,59,available,historical,2026-08-25T00:00:00Z,00,2025W45,
SE-M,Region Skåne,2025,45,2025-11-09,8,available,historical,2026-08-25T00:00:00Z,12,2025W45,
SE-O,Västra Götalandsregionen,2025,45,2025-11-09,8,available,historical,2026-08-25T00:00:00Z,14,2025W45,
SE,Sverige,2025,46,2025-11-16,80,available,historical,2026-08-25T00:00:00Z,00,2025W46,
SE-M,Region Skåne,2025,46,2025-11-16,9,available,historical,2026-08-25T00:00:00Z,12,2025W46,
SE-O,Västra Götalandsregionen,2025,46,2025-11-16,5,available,historical,2026-08-25T00:00:00Z,14,2025W46,
SE,Sverige,2025,47,2025-11-23,182,available,historical,2026-08-25T00:00:00Z,00,2025W47,
SE-M,Region Skåne,2025,47,2025-11-23,11,available,historical,2026-08-25T00:00:00Z,12,2025W47,
SE-O,Västra Götalandsregionen,2025,47,2025-11-23,13,available,historical,2026-08-25T00:00:00Z,14,2025W47,
SE,Sverige,2025,48,2025-11-30,376,available,historical,2026-08-25T00:00:00Z,00,2025W48,
SE-M,Region Skåne,2025,48,2025-11-30,21,available,historical,2026-08-25T00:00:00Z,12,2025W48,
SE-O,Västra Götalandsregionen,2025,48,2025-11-30,38,available,historical,2026-08-25T00:00:00Z,14,2025W48,
SE,Sverige,2025,49,2025-12-07,717,available,historical,2026-08-25T00:00:00Z,00,2025W49,
SE-M,Region Skåne,2025,49,2025-12-07,38,available,historical,2026-08-25T00:00:00Z,12,2025W49,
SE-O,Västra Götalandsregionen,2025,49,2025-12-07,57,available,historical,2026-08-25T00:00:00Z,14,2025W49,
SE,Sverige,2025,50,2025-12-14,1325,available,historical,2026-08-25T00:00:00Z,00,2025W50,
SE-M,Region Skåne,2025,50,2025-12-14,76,available,historical,2026-08-25T00:00:00Z,12,2025W50,
SE-O,Västra Götalandsregionen,2025,50,2025-12-14,120,available,historical,2026-08-25T00:00:00Z,14,2025W50,
SE,Sverige,2025,51,2025-12-21,1638,available,historical,2026-08-25T00:00:00Z,00,2025W51,
SE-M,Region Skåne,2025,51,2025-12-21,107,available,historical,2026-08-25T00:00:00Z,12,2025W51,
SE-O,Västra Götalandsregionen,2025,51,2025-12-21,158,available,historical,2026-08-25T00:00:00Z,14,2025W51,
SE,Sverige,2025,52,2025-12-28,1682,available,historical,2026-08-25T00:00:00Z,00,2025W52,
SE-M,Region Skåne,2025,52,2025-12-28,138,available,historical,2026-08-25T00:00:00Z,12,2025W52,
SE-O,Västra Götalandsregionen,2025,52,2025-12-28,118,available,historical,2026-08-25T00:00:00Z,14,2025W52,
SE,Sverige,2026,1,2026-01-04,2227,available,historical,2026-08-25T00:00:00Z,00,2026W01,
SE-M,Region Skåne,2026,1,2026-01-04,190,available,historical,2026-08-25T00:00:00Z,12,2026W01,
SE-O,Västra Götalandsregionen,2026,1,2026-01-04,281,available,historical,2026-08-25T00:00:00Z,14,2026W01,
SE,Sverige,2026,2,2026-01-11,1532,available,historical,2026-08-25T00:00:00Z,00,2026W02,
SE-M,Region Skåne,2026,2,2026-01-11,126,available,historical,2026-08-25T00:00:00Z,12,2026W02,
SE-O,Västra Götalandsregionen,2026,2,2026-01-11,260,available,historical,2026-08-25T00:00:00Z,14,2026W02,
SE,Sverige,2026,3,2026-01-18,1082,available,historical,2026-08-25T00:00:00Z,00,2026W03,
SE-M,Region Skåne,2026,3,2026-01-18,130,available,historical,2026-08-25T00:00:00Z,12,2026W03,
SE-O,Västra Götalandsregionen,2026,3,2026-01-18,151,available,historical,2026-08-25T00:00:00Z,14,2026W03,
SE,Sverige,2026,4,2026-01-25,968,available,historical,2026-08-25T00:00:00Z,00,2026W04,
SE-M,Region Skåne,2026,4,2026-01-25,133,available,historical,2026-08-25T00:00:00Z,12,2026W04,
SE-O,Västra Götalandsregionen,2026,4,2026-01-25,135,available,historical,2026-08-25T00:00:00Z,14,2026W04,
SE,Sverige,2026,5,2026-02-01,1107,available,historical,2026-08-25T00:00:00Z,00,2026W05,
SE-M,Region Skåne,2026,5,2026-02-01,189,available,historical,2026-08-25T00:00:00Z,12,2026W05,
SE-O,Västra Götalandsregionen,2026,5,2026-02-01,203,available,historical,2026-08-25T00:00:00Z,14,2026W05,
SE,Sverige,2026,6,2026-02-08,1404,available,historical,2026-08-25T00:00:00Z,00,2026W06,
SE-M,Region Skåne,2026,6,2026-02-08,215,available,historical,2026-08-25T00:00:00Z,12,2026W06,
SE-O,Västra Götalandsregionen,2026,6,2026-02-08,230,available,historical,2026-08-25T00:00:00Z,14,2026W06,
SE,Sverige,2026,7,2026-02-15,1616,available,historical,2026-08-25T00:00:00Z,00,2026W07,
SE-M,Region Skåne,2026,7,2026-02-15,224,available,historical,2026-08-25T00:00:00Z,12,2026W07,
SE-O,Västra Götalandsregionen,2026,7,2026-02-15,281,available,historical,2026-08-25T00:00:00Z,14,2026W07,
SE,Sverige,2026,8,2026-02-22,1529,available,historical,2026-08-25T00:00:00Z,00,2026W08,
SE-M,Region Skåne,2026,8,2026-02-22,188,available,historical,2026-08-25T00:00:00Z,12,2026W08,
SE-O,Västra Götalandsregionen,2026,8,2026-02-22,257,available,historical,2026-08-25T00:00:00Z,14,2026W08,
SE,Sverige,2026,9,2026-03-01,1252,available,historical,2026-08-25T00:00:00Z,00,2026W09,
SE-M,Region Skåne,2026,9,2026-03-01,156,available,historical,2026-08-25T00:00:00Z,12,2026W09,
SE-O,Västra Götalandsregionen,2026,9,2026-03-01,185,available,historical,2026-08-25T00:00:00Z,14,2026W09,
SE,Sverige,2026,10,2026-03-08,775,available,historical,2026-08-25T00:00:00Z,00,2026W10,
SE-M,Region Skåne,2026,10,2026-03-08,70,available,historical,2026-08-25T00:00:00Z,12,2026W10,
SE-O,Västra Götalandsregionen,2026,10,2026-03-08,143,available,historical,2026-08-25T00:00:00Z,14,2026W10,
SE,Sverige,2026,11,2026-03-15,475,available,historical,2026-08-25T00:00:00Z,00,2026W11,
SE-M,Region Skåne,2026,11,2026-03-15,30,available,historical,2026-08-25T00:00:00Z,12,2026W11,
SE-O,Västra Götalandsregionen,2026,11,2026-03-15,80,available,historical,2026-08-25T00:00:00Z,14,2026W11,
SE,Sverige,2026,12,2026-03-22,321,available,historical,2026-08-25T00:00:00Z,00,2026W12,
SE-M,Region Skåne,2026,12,2026-03-22,25,available,historical,2026-08-25T00:00:00Z,12,2026W12,
SE-O,Västra Götalandsregionen,2026,12,2026-03-22,50,available,historical,2026-08-25T00:00:00Z,14,2026W12,
SE,Sverige,2026,13,2026-03-29,223,available,historical,2026-08-25T00:00:00Z,00,2026W13,
SE-M,Region Skåne,2026,13,2026-03-29,17,available,historical,2026-08-25T00:00:00Z,12,2026W13,
SE-O,Västra Götalandsregionen,2026,13,2026-03-29,39,available,historical,2026-08-25T00:00:00Z,14,2026W13,
SE,Sverige,2026,14,2026-04-05,187,available,historical,2026-08-25T00:00:00Z,00,2026W14,
SE-M,Region Skåne,2026,14,2026-04-05,11,available,historical,2026-08-25T00:00:00Z,12,2026W14,
SE-O,Västra Götalandsregionen,2026,14,2026-04-05,24,available,historical,2026-08-25T00:00:00Z,14,2026W14,
SE,Sverige,2026,15,2026-04-12,175,available,historical,2026-08-25T00:00:00Z,00,2026W15,
SE-M,Region Skåne,2026,15,2026-04-12,9,available,historical,2026-08-25T00:00:00Z,12,2026W15,
SE-O,Västra Götalandsregionen,2026,15,2026-04-12,27,available,historical,2026-08-25T00:00:00Z,14,2026W15,
SE,Sverige,2026,16,2026-04-19,106,available,historical,2026-08-25T00:00:00Z,00,2026W16,
SE-M,Region Skåne,2026,16,2026-04-19,8,available,historical,2026-08-25T00:00:00Z,12,2026W16,
SE-O,Västra Götalandsregionen,2026,16,2026-04-19,13,available,historical,2026-08-25T00:00:00Z,14,2026W16,
SE,Sverige,2026,17,2026-04-26,89,available,historical,2026-08-25T00:00:00Z,00,2026W17,
SE-M,Region Skåne,2026,17,2026-04-26,6,available,historical,2026-08-25T00:00:00Z,12,2026W17,
SE-O,Västra Götalandsregionen,2026,17,2026-04-26,7,available,historical,2026-08-25T00:00:00Z,14,2026W17,
SE,Sverige,2026,18,2026-05-03,74,available,historical,2026-08-25T00:00:00Z,00,2026W18,
SE-M,Region Skåne,2026,18,2026-05-03,2,available,historical,2026-08-25T00:00:00Z,12,2026W18,
SE-O,Västra Götalandsregionen,2026,18,2026-05-03,7,available,historical,2026-08-25T00:00:00Z,14,2026W18,
SE,Sverige,2026,19,2026-05-10,65,available,historical,2026-08-25T00:00:00Z,00,2026W19,
SE-M,Region Skåne,2026,19,2026-05-10,7,available,historical,2026-08-25T00:00:00Z,12,2026W19,
SE-O,Västra Götalandsregionen,2026,19,2026-05-10,7,available,historical,2026-08-25T00:00:00Z,14,2026W19,
SE,Sverige,2026,20,2026-05-17,53,available,historical,2026-08-25T00:00:00Z,00,2026W20,
SE-M,Region Skåne,2026,20,2026-05-17,0,available,historical,2026-08-25T00:00:00Z,12,2026W20,
SE-O,Västra Götalandsregionen,2026,20,2026-05-17,2,available,historical,2026-08-25T00:00:00Z,14,2026W20,
SE,Sverige,2026,21,2026-05-24,53,available,historical,2026-08-25T00:00:00Z,00,2026W21,
SE-M,Region Skåne,2026,21,2026-05-24,5,available,historical,2026-08-25T00:00:00Z,12,2026W21,
SE-O,Västra Götalandsregionen,2026,21,2026-05-24,6,available,historical,2026-08-25T00:00:00Z,14,2026W21,
SE,Sverige,2026,22,2026-05-31,30,available,historical,2026-08-25T00:00:00Z,00,2026W22,
SE-M,Region Skåne,2026,22,2026-05-31,1,available,historical,2026-08-25T00:00:00Z,12,2026W22,
SE-O,Västra Götalandsregionen,2026,22,2026-05-31,2,available,historical,2026-08-25T00:00:00Z,14,2026W22,
SE,Sverige,2026,23,2026-06-07,19,available,historical,2026-08-25T00:00:00Z,00,2026W23,
SE-M,Region Skåne,2026,23,2026-06-07,1,available,historical,2026-08-25T00:00:00Z,12,2026W23,
SE-O,Västra Götalandsregionen,2026,23,2026-06-07,2,available,historical,2026-08-25T00:00:00Z,14,2026W23,
